key	value
last_seen	6856.666666666667
is_subscribed	1
last_subscribe	40581.76666666667
